,0
700,27a4fLT1dhOT5esAfqQmBe
701,29QbBR0oTzA7A0kiOzrbbr
702,5gWzmnHTLNXz5CjOc0wAuK
703,0rlS0SzVFk8BoiAW0fGBbN
704,21E3waRsmPlU7jZsS13rcj
705,6Av6GMCOznZIlHuNcBWgf4
706,1eEfMU2AhEo7XnKgL7c304
707,5Gejwv3xz2DpLcxVpMD6hL
708,5ixB75BQR3ADoWQkcHQJTs
709,2NCGI6dLTxLdI9XHdv7QfM
710,3u579Gdap91lMptBSdXTpf
711,5e4Dhzv426EvQe3aDb64jL
712,5f7VJjfbwm532GiveGC0ZK
713,3tJoFztHeIJkJWMrx0td2f
714,0FTrIsp2Mg7Bkf8eXQrISa
715,1Bl6wpkWCQ4KVgnASpvzzA
716,5psTfOBPmc8UquYcnS22KE
717,76yeOnINtQSXyoEHbkYmtY
718,1B0Rp4SWGnFgGCPU5Pju6E
719,38EmEgXkgK51MT2tPY0EoC
720,1svaANJTE5KrG16fTGDqOs
721,6extd4B6hl8VTmnlhpl2bY
722,6Ff53KvcvAj5U7Z1vojB5o
723,3OpnoUqoRIHWbsFs4Nw0NQ
724,7rpf45DdbpweG51Acze45i
725,5KEG7G8LDYlHgFDqZyEEs2
726,7dbKeVkihtOifdiu7f3rUg
727,2qkfMoOIz3BqLD91C1B09a
728,2wzMOQwNT6ZvVB4amvhFAH
729,6UlNIFEuWlBqb4TvlVCekq
730,6JL8zeS1NmiOftqZTRgdTz
731,6KWcxMWVNVIYbdOQyJtsSy
732,2lolQgalUvZDfp5vvVtTYV
733,602DnpaSXJB4b9DZrvxbDc
734,7CyeXFnOrfC1N6z4naIpgo
735,7EK1bQADBoqbYXnT4Cqv9w
736,26dSoYclwsYLMAKD3tpOr4
737,1l7ZsJRRS8wlW3WfJfPfNS
738,3PhoLpVuITZKcymswpck5b
739,391oLRVmoTkumiN79HkTWu
740,0SCbttzoZTnLFebDYmAWCm
741,3nQ59hkeciYoR6RreQL4Rv
742,2ysnwxxNtSgbb9t1m2Ur4j
743,7HV2RI2qNug4EcQqLbCAKS
744,63nv0hWWDob56Rk8GlNpN8
745,5F1aoppMtU3OMiltO8ymJ2
746,6U1dBXJhC8gXFjamvFTmHg
747,6sCbFbEjbYepqswM1vWjjs
748,7sKxqpSqbIzphAKAhrqvlf
749,0LyOADBjj28cbvJWTXUEGA
750,329e4yvIujISKGKz1BZZbO
751,1fctva4kpRbg2k3v7kwRuS
752,2cQr2KbzdRtIFlfbHGnNsL
753,2LAqcqAQ8KPTsl1HBgBrqM
754,7d3WFRME3vBY2cgoP38RDo
755,04ei5kNgmDuNAydFhhIHnD
756,0701LAQrkY5Il5vt06uNnC
757,4QTVePrFu1xuGM9K0kNXkk
758,0w7HLMvZOHatWVbAKee1zF
759,68abRTdO4meYReMWHvBYb0
760,1vSN1fsvrzpbttOYGsliDr
761,2JLqTvFXmC87BksiCsBezV
762,2Rimf9z3oYDBeszSXFACRR
763,71le7jtjw9hq389Fnvi6XM
764,6O74knDqdv3XaWtkII7Xjp
765,1KP6TWI40m7p3QBTU6u2xo
766,2ySHS7UojGu20XfUPaBlyu
767,6Y20PijIkUoCtuvtkz37dO
768,0nFUCMGlkx1lMZnHL6ArVJ
769,53KwLdlmrlCelAZMaLVZqU
770,3ipn9JLAPI5GUEo4y4jcoi
771,4GvEc3ANtPPjt1ZJllr5Zl
772,7t0rwkOPGlDPEhaOcVtOt9
773,3gTZHK9u10mTyoEoT9tJaE
774,3Y7RZ31TRPVadSFVy1o8os
775,14rP13jdQNgQvuPA2AkBgm
776,3ECsaSd1fom8coUUkkFzqt
777,4WN5naL3ofxrVBgFpguzKo
778,4ScCswdRlyA23odg9thgIO
779,2U3FuHYvL3vhkbDAXm24Ep
780,7z5WFjZAIYejWy0NI5lv4T
781,3mPc8WGusz2XF3Tvs3AKCR
782,1z4g3DjTBBZKhvAroFlhOM
783,3CjlHNtplJyTf9npxaPl5w
784,6c1pBXHYjFcGQQNO5MMsdd
785,4LAz9VRX8Nat9kvIzgkg2v
786,5Y5TRrQiqgUO4S36tzjIRZ
787,586uxXMyD5ObPuzjtrzO1Q
788,4j5KBTO4tk7up54ZirNGvK
789,2x7EATekOPhFGRx3syMGEC
790,0WuYfDB2hAYzybfAd75fvb
791,3kv1Edgn5HlEWCuEKr1Y9x
792,0g9vAlRPK9Gt3FKCekk4TW
793,3jK9MiCrA42lLAdMGUZpwa
794,2TImI3DW7o5MdRXJs4D37h
795,4AA474G2hRfrHyGrfyDseO
796,4RfOLIFy2xEmlWzXEVmLJn
797,6XpXnnKHIhCOUbOLOJGe6o
798,3jfVtv9mWfW0c5b3Fx440e
799,37Qsf5KCKljH7mL134xp4k
800,4TEJudQY2pXxVHPE3gD2EU
801,4GaA53bqvMoSs2WzEFGiLe
802,0vqJkZ0RpLZixt3lTmD8vP
803,00VnRQuhdfjkeaXeDu5dlW
804,12Chz98pHFMPJEknJQMWvI
805,2cWZOOzeOm4WmBJRnD5R7I
806,0EeQBlQJFiAfJeVN2vT9s0
807,6Pys3UqMu3cE9jvKNEQZPz
808,5Rl15oVamLq7FbSb0NNBNy
809,0mZbFsWo9tHccJsYkrIczQ
810,53ixqKNKVTgtSx3m3DGMA2
811,4mHAu7NX2UNsnGXjviBD9e
812,6C1ohJrd5VydigQtaGy5Wa
813,27jRNjIvlUcGN7FBRDnqhp
814,3q7HBObVc0L8jNeTe5Gofh
815,77kULmXAQ6vWer7IIHdGzI
816,0haZhu4fFKt0Ag94kZDiz2
817,3EiLUeyEcA6fbRPSHkG5kb
818,7hssUdpvtY5oiARaUDgFZ3
819,0PFtn5NtBbbUNbU9EAmIWF
820,0KEExJc1NKwmzJxQHbbkts
821,1iBGuNBYRKnNdKxm0kKNM0
822,4U6245OE6dlqMEOjDpWJzn
823,7trxpXo6hVUnoB22sbCkEd
824,28y6CyJNkGNjJQKrlx4AmN
825,3CbYyyd8wH3RT6t0jwpdzC
826,6beUvFUlKliUYJdLOXNj9C
827,3EOEK57CV77D4ovYVcmiyt
828,7ao5uJZUsPeVpWlNkkjWyx
829,1tqhsYv8yBBdwANFNzHtcr
830,6RqG6OjPJVHi1RAcXTxglq
831,3mLdH6xxrscTf2poCN9Kzy
832,2V0DROfM2ieFSOcA3SHJLD
833,4DROs1Ye9DiLY3X8L7xvl8
834,4exLIFE8sISLr28sqG1qNX
835,2J6pigOrBmKQgqJUY5UM7r
836,6qGkLCMQkNGOJ079iEcC5k
837,0FOWNUFHPnMy0vOw1siGqi
838,6Jrxnp0JgqmeUX1veU591p
839,0vR2qb8m9WHeZ5ByCbimq2
